"section","mile","Description","index","link","FullLink"
"Section 1","Mile 0.0-53.3","Springer Mtn","1","0.0","https://www.postholer.com/databook/Appalachian-Trail/3/0.0"
"Section 2","Mile 53.3-166.4","Hiawassee GA","2","53.3","https://www.postholer.com/databook/Appalachian-Trail/3/53.3"
"Section 3","Mile 166.4-276.5","Fontana Dam NC","3","166.4","https://www.postholer.com/databook/Appalachian-Trail/3/166.4"
"Section 4","Mile 276.5-393.9","Hot Springs NC","4","276.5","https://www.postholer.com/databook/Appalachian-Trail/3/276.5"
"Section 5","Mile 393.9-467.6","Roan Mountain TN","5","393.9","https://www.postholer.com/databook/Appalachian-Trail/3/393.9"
"Section 6","Mile 467.6-587.9","Damascus VA","6","467.6","https://www.postholer.com/databook/Appalachian-Trail/3/467.6"
"Section 7","Mile 587.9-703.1","Bastian VA","7","587.9","https://www.postholer.com/databook/Appalachian-Trail/3/587.9"
"Section 8","Mile 703.1-784.7","Catawba VA","8","703.1","https://www.postholer.com/databook/Appalachian-Trail/3/703.1"
"Section 9","Mile 784.7-862.0","Glasgow VA","9","784.7","https://www.postholer.com/databook/Appalachian-Trail/3/784.7"
"Section 10","Mile 862.0-979.9","Waynesboro VA","10","862.0","https://www.postholer.com/databook/Appalachian-Trail/3/862.0"
"Section 11","Mile 979.9-1026.1","Linden VA","11","979.9","https://www.postholer.com/databook/Appalachian-Trail/3/979.9"
"Section 12","Mile 1026.1-1124.5","Harpers Ferry WV","12","1026.1","https://www.postholer.com/databook/Appalachian-Trail/3/1026.1"
"Section 13","Mile 1124.5-1223.5","Boiling Springs PA","13","1124.5","https://www.postholer.com/databook/Appalachian-Trail/3/1124.5"
"Section 14","Mile 1223.5-1299.5","Port Clinton PA","14","1223.5","https://www.postholer.com/databook/Appalachian-Trail/3/1223.5"
"Section 15","Mile 1299.5-1408.3","Delaware Water Gap PA","15","1299.5","https://www.postholer.com/databook/Appalachian-Trail/3/1299.5"
"Section 16","Mile 1408.3-1503.2","Bear Mountain NY","16","1408.3","https://www.postholer.com/databook/Appalachian-Trail/3/1408.3"
"Section 17","Mile 1503.2-1613.4","Salisbury CT","17","1503.2","https://www.postholer.com/databook/Appalachian-Trail/3/1503.2"
"Section 18","Mile 1613.4-1706.1","Bennington VT","18","1613.4","https://www.postholer.com/databook/Appalachian-Trail/3/1613.4"
"Section 19","Mile 1706.1-1750.1","Killington VT","19","1706.1","https://www.postholer.com/databook/Appalachian-Trail/3/1706.1"
"Section 20","Mile 1750.1-1856.9","Hanover NH","20","1750.1","https://www.postholer.com/databook/Appalachian-Trail/3/1750.1"
"Section 21","Mile 1856.9-1963.8","Mt. Washington NH","21","1856.9","https://www.postholer.com/databook/Appalachian-Trail/3/1856.9"
"Section 22","Mile 1963.8-2064.6","Rangely ME","22","1963.8","https://www.postholer.com/databook/Appalachian-Trail/3/1963.8"
"Section 23","Mile 2064.6-2180.0","Monson ME","23","2064.6","https://www.postholer.com/databook/Appalachian-Trail/3/2064.6"
